Subreddit,Num_Posts,Num_Misinfo_Links
neoprogs,57,0
moderatepolitics,7988,108
politics,579206,9787
uspolitics,27175,281
AmericanPolitics,13659,787
Republican,54901,8209
Liberal,7410,71
Conservative,281397,50090
Libertarian,46884,2499
Anarchism,19216,52
socialism,26380,160
progressive,5798,32
Liberty,925,22
alltheleft,12580,80
blackflag,360,1
greenparty,3885,46
democracy,1474,18
LibertarianSocialism,1355,5
capitalism,4166,50
anarchist,139,0
republicans,13179,1487
democrats,33285,192
communist,342,4
socialdemocracy,3296,3
AnarchoPacifism,101,0
conservatives,58978,11006
republicanism,46,1
conspiracy,218914,11414
