True Information,Misinformation
instead i,gateway
want consider,thinker
inc,american thinker
subreddit allow,gateway pundit
submission,pundit
mirror,extreme rightwing
white house,based extreme
subredditmessagecomposetoramericanpolitics questions,new black
questions concerns,questionable based
automatically please,townhallcom
automatically removed,washington times
performed,bias promotion
submission automatically,rightwing bias
posting rpoliticalvideo,lol lol
rpoliticalvideo rvideos,overall rate
